INSERT INTO Instalacao (id, numRegisto, nome, capacidade, DTYPE, version) VALUES (1, 1, 'Micro Pavilhao', 5, 'InstalacaoComLugares', 1)
INSERT INTO Lugar (id, fila, cadeira, INSTALACAO_ID) VALUES (1, 'A', 1, 1)
INSERT INTO Lugar (id, fila, cadeira, INSTALACAO_ID) VALUES (2, 'A', 2, 1)
INSERT INTO Lugar (id, fila, cadeira, INSTALACAO_ID) VALUES (3, 'B', 1, 1)
INSERT INTO Lugar (id, fila, cadeira, INSTALACAO_ID) VALUES (4, 'B', 2, 1)
INSERT INTO Lugar (id, fila, cadeira, INSTALACAO_ID) VALUES (5, 'B', 3, 1)
INSERT INTO Instalacao (id, numRegisto, nome, capacidade, DTYPE, version) VALUES (2, 2, 'Mini Estadio', 15, 'InstalacaoComLugares', 1)
INSERT INTO Lugar (id, fila, cadeira, INSTALACAO_ID) VALUES (6, 'A', 1, 2)
INSERT INTO Lugar (id, fila, cadeira, INSTALACAO_ID) VALUES (7, 'A', 2, 2)
INSERT INTO Lugar (id, fila, cadeira, INSTALACAO_ID) VALUES (8, 'A', 3, 2)
INSERT INTO Lugar (id, fila, cadeira, INSTALACAO_ID) VALUES (9, 'A', 4, 2)
INSERT INTO Lugar (id, fila, cadeira, INSTALACAO_ID) VALUES (10, 'A', 5, 2)
INSERT INTO Lugar (id, fila, cadeira, INSTALACAO_ID) VALUES (11, 'B', 1, 2)
INSERT INTO Lugar (id, fila, cadeira, INSTALACAO_ID) VALUES (12, 'B', 2, 2)
INSERT INTO Lugar (id, fila, cadeira, INSTALACAO_ID) VALUES (13, 'B', 3, 2)
INSERT INTO Lugar (id, fila, cadeira, INSTALACAO_ID) VALUES (14, 'B', 4, 2)
INSERT INTO Lugar (id, fila, cadeira, INSTALACAO_ID) VALUES (15, 'B', 5, 2)
INSERT INTO Lugar (id, fila, cadeira, INSTALACAO_ID) VALUES (16, 'B', 6, 2)
INSERT INTO Lugar (id, fila, cadeira, INSTALACAO_ID) VALUES (17, 'B', 7, 2)
INSERT INTO Lugar (id, fila, cadeira, INSTALACAO_ID) VALUES (18, 'B', 8, 2)
INSERT INTO Lugar (id, fila, cadeira, INSTALACAO_ID) VALUES (19, 'B', 9, 2)
INSERT INTO Lugar (id, fila, cadeira, INSTALACAO_ID) VALUES (20, 'B', 10, 2)
INSERT INTO Instalacao (id, numRegisto, nome, CAPACidADE, DTYPE, version) VALUES (3, 3, 'Pequeno Relvado', 10, 'Instalacao', 1)
INSERT INTO Empresa (id, numRegisto, nome) VALUES (1, 1, 'una')
INSERT INTO Empresa (id, numRegisto, nome) VALUES (2, 2, 'dua')
INSERT INTO Empresa_tiposEventos (tiposEventos, Empresa_id) VALUES ('TETEATETE', 1)
INSERT INTO Empresa_tiposEventos (tiposEventos, Empresa_id) VALUES ('BANDOSENTADO', 1)
INSERT INTO Empresa_tiposEventos (tiposEventos, Empresa_id) VALUES ('BANDOSENTADO', 2)
INSERT INTO Empresa_tiposEventos (tiposEventos, Empresa_id) VALUES ('MULTIDAOEMPE', 2)